{
  "project_info": {
    "project_number": "375108054994",
    "project_id": "hhverteste",
    "storage_bucket": "hhverteste.appspot.com"
  },
  "client": [
    {
      "client_info": {
        "mobilesdk_app_id": "1:375108054994:android:ef72331275f86e44b9e20b",
        "android_client_info": {
          "package_name": "com.example.hhver03"
        }
      },
      "oauth_client": [
        {
          "client_id": "375108054994-dp125ll1jlvkuojkcorb0kkutsir86ml.apps.googleusercontent.com",
          "client_type": 3
        }
      ],
      "api_key": [
        {
          "current_key": "AIzaSyA9NQe83c7yxzx-bD5kzC926z8C4qRK9Zk"
        }
      ],
      "services": {
        "appinvite_service": {
          "other_platform_oauth_client": [
            {
              "client_id": "375108054994-dp125ll1jlvkuojkcorb0kkutsir86ml.apps.googleusercontent.com",
              "client_type": 3
            }
          ]
        }
      }
    }
  ],
  "configuration_version": "1"
}